{
    "PSNR": 12.894312199585277,
    "SSIM": 0.4794463069776661,
    "loss": 3978.366455078125
}