{
    "PSNR": 11.604089079507627,
    "SSIM": 0.48617390867255317,
    "loss": 4968.20166015625
}