{
    "PSNR": 26.280147988665465,
    "SSIM": 0.9294645260192724,
    "loss": 174.11181640625
}