{
    "PSNR": 27.91089346224791,
    "SSIM": 0.9441843088522657,
    "loss": 123.58737182617188
}