{
    "PSNR": 19.220453760534244,
    "SSIM": 0.7003349650787776,
    "loss": 844.0819091796875
}