{
    "PSNR": 26.37494574697268,
    "SSIM": 0.9196327103742117,
    "mse_loss": 166.4195556640625
}