{
    "PSNR": 20.53756789090757,
    "SSIM": 0.8099912892627539,
    "loss": 633.9955139160156
}