{
    "PSNR": 29.017652924867182,
    "SSIM": 0.951600917411744,
    "loss": 100.72652816772461
}