{
    "PSNR": 29.04665210789548,
    "SSIM": 0.9522460111153747,
    "loss": 97.77178192138672
}