{
    "PSNR": 29.11449982196528,
    "SSIM": 0.9519600106974243,
    "loss": 99.85526275634766
}