{
    "PSNR": 26.798657305109806,
    "SSIM": 0.9407541285853686,
    "loss": 156.82965087890625
}