{
    "PSNR": 26.634207117450007,
    "SSIM": 0.7907541394233704,
    "loss": 149.6703338623047
}