{
    "PSNR": 26.60108254486658,
    "SSIM": 0.7921582460403442,
    "loss": 150.93453979492188
}