{
    "PSNR": 29.133567296840518,
    "SSIM": 0.9527379432707397,
    "loss": 95.91085052490234
}