{
    "PSNR": 15.166788126748827,
    "SSIM": 0.38552783882292974,
    "loss": 2038.46630859375
}