{
    "PSNR": 26.623978678000586,
    "SSIM": 0.9228481533279022,
    "mse_loss": 157.38296508789062
}