{
    "PSNR": 26.01514903230487,
    "SSIM": 0.9186274503607594,
    "mse_loss": 180.7264862060547
}