{
    "PSNR": 26.619595324725882,
    "SSIM": 0.9220977950074312,
    "mse_loss": 157.69552612304688
}