{
    "PSNR": 25.097787009942216,
    "SSIM": 0.9036717614693592,
    "loss": 220.936767578125
}