{
    "PSNR": 28.852610746610186,
    "SSIM": 0.9510353616997935,
    "loss": 101.55037471226284
}