{
    "PSNR": 28.858289305992606,
    "SSIM": 0.9511423228381594,
    "loss": 101.31461007254464
}