{
    "PSNR": 28.893082782281652,
    "SSIM": 0.9506502782878002,
    "loss": 103.99167306082589
}