{
    "PSNR": 28.78091382878609,
    "SSIM": 0.9509195072024111,
    "loss": 102.37893676757812
}