{
    "PSNR": 29.01572117097889,
    "SSIM": 0.9515362135375149,
    "loss": 100.92923355102539
}