{
    "PSNR": 27.497893065637275,
    "SSIM": 0.9343249517457111,
    "loss": 133.70803833007812
}