{
    "PSNR": 26.28393149646168,
    "SSIM": 0.9313895238361902,
    "loss": 171.48963928222656
}