{
    "PSNR": 29.138514910583627,
    "SSIM": 0.9517517721686304,
    "loss": 99.07918657575335
}