{
    "PSNR": 29.011951007885326,
    "SSIM": 0.9513662623139766,
    "loss": 98.20806121826172
}