{
    "PSNR": 28.71446162544931,
    "SSIM": 0.9500950050850615,
    "loss": 104.58561706542969
}