{
    "PSNR": 28.73901907029751,
    "SSIM": 0.9503229930982197,
    "loss": 104.13481140136719
}