{
    "PSNR": 4.971026147475208,
    "SSIM": -0.020343432691726605,
    "mse_loss": 20859.220703125
}