{
    "PSNR": 4.9710261380727445,
    "SSIM": -0.020343432946543557,
    "mse_loss": 20859.220703125
}