{
    "PSNR": 25.841516408640192,
    "SSIM": 0.9169481121059924,
    "mse_loss": 186.3638434776893
}