{
    "PSNR": 27.048518553542152,
    "SSIM": 0.926655158407726,
    "loss": 147.51316288539343
}