{
    "PSNR": 27.05744020172876,
    "SSIM": 0.9274893158668499,
    "loss": 144.33868844168526
}