{
    "PSNR": 25.58218953126834,
    "SSIM": 0.7461702227592468,
    "loss": 197.33126831054688
}