{
    "PSNR": 26.525570497775124,
    "SSIM": 0.9215904662415753,
    "mse_loss": 160.485595703125
}