{
    "PSNR": 10.884208572718048,
    "SSIM": 0.3231329091075332,
    "mse_loss": 5575.28466796875
}