{
    "accuracy": 0.6964285714285714,
    "loss": 1.27156662940979
}