{
    "accuracy": 0.9879807692307693,
    "loss": 0.048083409667015076
}