{
    "accuracy": 0.9904847756410257,
    "loss": 0.031912583857774734
}