{
    "PSNR": 26.651931470377686,
    "SSIM": 0.9234601596302096,
    "mse_loss": 156.5658721923828
}