{
    "PSNR": 26.59192839021466,
    "SSIM": 0.9222085395463105,
    "mse_loss": 161.16018676757812
}