{
    "PSNR": 26.643390973209574,
    "SSIM": 0.9233838585909062,
    "mse_loss": 156.91134643554688
}