{
    "PSNR": 25.35705804854441,
    "SSIM": 0.729144811630249,
    "loss": 210.25665283203125
}