{
    "PSNR": 28.456197741654393,
    "SSIM": 0.9483198004199591,
    "loss": 111.00423431396484
}