{
    "PSNR": 29.15804845292355,
    "SSIM": 0.9529128647594296,
    "loss": 95.53410339355469
}