{
    "PSNR": 29.229728204111986,
    "SSIM": 0.9526501473249255,
    "loss": 97.3263408115932
}