{
    "PSNR": 26.523913677402067,
    "SSIM": 0.921068150601774,
    "mse_loss": 160.5503692626953
}