{
    "PSNR": 28.46792000454772,
    "SSIM": 0.9473540815004178,
    "loss": 113.87635149274554
}