{
    "PSNR": 28.417897260604434,
    "SSIM": 0.9479017542106616,
    "loss": 111.24503326416016
}