{
    "PSNR": 26.506355868293497,
    "SSIM": 0.9380558713819429,
    "loss": 164.0125503540039
}