{
    "PSNR": 26.60996745297704,
    "SSIM": 0.9380432068904229,
    "loss": 160.7704849243164
}