{
    "PSNR": 26.482132252067476,
    "SSIM": 0.9129375740015098,
    "loss": 177.037353515625
}