{
    "PSNR": 26.327843721667534,
    "SSIM": 0.9252596784779687,
    "loss": 164.925785609654
}