{
    "PSNR": 26.94338637565366,
    "SSIM": 0.9288291647064396,
    "mse_loss": 147.7442169189453
}