{
    "PSNR": 26.894831508325808,
    "SSIM": 0.9280514450245481,
    "mse_loss": 151.6828155517578
}