{
    "PSNR": 28.77399270634349,
    "SSIM": 0.9498811260948007,
    "loss": 106.73917497907367
}