{
    "PSNR": 28.784989584520197,
    "SSIM": 0.9509952340684913,
    "loss": 102.12567901611328
}