{
    "PSNR": 28.779434155454936,
    "SSIM": 0.9509698495131191,
    "loss": 102.24549865722656
}