{
    "PSNR": 26.62843997067077,
    "SSIM": 0.9383866957000782,
    "loss": 159.97698974609375
}