{
    "PSNR": 26.61019361757639,
    "SSIM": 0.9380920340571262,
    "loss": 160.51182556152344
}