{
    "PSNR": 26.139325091867445,
    "SSIM": 0.7571779489517212,
    "loss": 178.12855529785156
}