{
    "accuracy": 26.598726182150198,
    "loss": 152.0386962890625
}