{
    "PSNR": 26.1712505550157,
    "SSIM": 0.9173819523874462,
    "mse_loss": 172.8218994140625
}