{
    "PSNR": 26.172558191450342,
    "SSIM": 0.9179579843663498,
    "mse_loss": 172.70693969726562
}