{
    "PSNR": 29.07669379877604,
    "SSIM": 0.9521184533589727,
    "loss": 97.03453281947544
}