{
    "PSNR": 28.414843398298306,
    "SSIM": 0.9482150932849702,
    "loss": 111.41566467285156
}