{
    "PSNR": 25.688245200095178,
    "SSIM": 0.9110239435238574,
    "mse_loss": 192.21487426757812
}