{
    "PSNR": 26.92556058268946,
    "SSIM": 0.9285560817333078,
    "mse_loss": 148.11483764648438
}