{
    "PSNR": 27.915882114062192,
    "SSIM": 0.9441838776982565,
    "loss": 123.46381378173828
}