{
    "PSNR": 27.753660143723906,
    "SSIM": 0.9423841467961145,
    "loss": 130.50968170166016
}