{
    "PSNR": 25.646120272321898,
    "SSIM": 0.9091154665786002,
    "mse_loss": 193.6304931640625
}